<?xml version="1.0" encoding="UTF-8"?><rss version="2.0"
	xmlns:content="http://purl.org/rss/1.0/modules/content/"
	xmlns:dc="http://purl.org/dc/elements/1.1/"
	xmlns:atom="http://www.w3.org/2005/Atom"
	xmlns:sy="http://purl.org/rss/1.0/modules/syndication/"
	
	>
<channel>
	<title>
	Comments on: Pappa Roti	</title>
	<atom:link href="https://tzfoodplaces.github.io/fp/place/pappa-roti-2/feed/" rel="self" type="application/rss+xml" />
	<link>https://tzfoodplaces.github.io/fp/place/pappa-roti-2/</link>
	<description>For Food Lovers</description>
	<lastBuildDate>Fri, 29 Jul 2022 11:51:31 +0000</lastBuildDate>
	<sy:updatePeriod>
	hourly	</sy:updatePeriod>
	<sy:updateFrequency>
	1	</sy:updateFrequency>
	<generator>https://wordpress.org/?v=6.2</generator>
	<item>
		<title>
		By: cilud		</title>
		<link>https://tzfoodplaces.github.io/fp/place/pappa-roti-2/#comment-15</link>

		<dc:creator><![CDATA[cilud]]></dc:creator>
		<pubDate>Thu, 28 Jul 2022 16:30:12 +0000</pubDate>
		<guid isPermaLink="false">https://tzfoodplaces.github.io/fp/?post_type=place#038;p=5824#comment-15</guid>

					<description><![CDATA[The Father of All Buns]]></description>
			<content:encoded><![CDATA[<p>The Father of All Buns</p>
]]></content:encoded>
		
			</item>
	</channel>
</rss>
