<?xml version="1.0" encoding="UTF-8"?><rss version="2.0"
	xmlns:content="http://purl.org/rss/1.0/modules/content/"
	xmlns:wfw="http://wellformedweb.org/CommentAPI/"
	xmlns:dc="http://purl.org/dc/elements/1.1/"
	xmlns:atom="http://www.w3.org/2005/Atom"
	xmlns:sy="http://purl.org/rss/1.0/modules/syndication/"
	xmlns:slash="http://purl.org/rss/1.0/modules/slash/"
	>

<channel>
	<title>Barbacue &#8211; TzFoodPlaces</title>
	<atom:link href="https://tzfoodplaces.github.io/fp/tag/barbacue/feed/" rel="self" type="application/rss+xml" />
	<link>https://tzfoodplaces.github.io/fp</link>
	<description>For Food Lovers</description>
	<lastBuildDate>Sun, 07 May 2023 20:08:41 +0000</lastBuildDate>
	<language>en-US</language>
	<sy:updatePeriod>
	hourly	</sy:updatePeriod>
	<sy:updateFrequency>
	1	</sy:updateFrequency>
	<generator>https://wordpress.org/?v=6.2</generator>

<image>
	<url>https://tzfoodplaces.github.io/fp/wp-content/uploads/2022/07/cropped-U2ntitled-4-32x32.png</url>
	<title>Barbacue &#8211; TzFoodPlaces</title>
	<link>https://tzfoodplaces.github.io/fp</link>
	<width>32</width>
	<height>32</height>
</image> 
	<item>
		<title>The Undisputed champion of the Tanzanian Cuisine: Nyama choma</title>
		<link>https://tzfoodplaces.github.io/fp/2022/08/13/the-undisputed-champion-of-the-tanzanian-cuisine-nyama-choma/</link>
					<comments>https://tzfoodplaces.github.io/fp/2022/08/13/the-undisputed-champion-of-the-tanzanian-cuisine-nyama-choma/#comments</comments>
		
		<dc:creator><![CDATA[TzFoodPlaces]]></dc:creator>
		<pubDate>Sat, 13 Aug 2022 13:44:21 +0000</pubDate>
				<category><![CDATA[Culture]]></category>
		<category><![CDATA[Tips & Tricks]]></category>
		<category><![CDATA[Barbacue]]></category>
		<category><![CDATA[Meat]]></category>
		<category><![CDATA[Nyama]]></category>
		<category><![CDATA[Nyama Choma]]></category>
		<category><![CDATA[Tanzanian meat]]></category>
		<guid isPermaLink="false">https://tzfoodplaces.github.io/fp/?p=5877</guid>

					<description><![CDATA[As a kid growing up in Tanzania’s most populated and ethnically diverse city: Dar es Salaam, I got the privilege to enjoy a broad range of traditional foods from different corners of the country. In the name of commerce, Dar unites almost all tribes of this nation, it is indeed the one place where the [&#8230;]]]></description>
										<content:encoded><![CDATA[
<p>As a kid growing up in Tanzania’s most populated and ethnically diverse city: Dar es Salaam, I got the privilege to enjoy a broad range of traditional foods from different corners of the country. In the name of commerce, Dar unites almost all tribes of this nation, it is indeed the one place where the Tanzanian cuisine resonates in unison. After many years of stay here and as a food lover, I have been able to compare between the tastes of a variety of foods.<br>Well, my first choice is absolutely not vegan, this is the one food that you will always find in social places, it neither has sugar nor does it contain chocolate, but somehow it manages to linger in the minds of man Tanzanians nationwide. The dish is Nyama choma, Tanzania’s undisputed champion.</p>



<p><strong>What is Nyama choma and how to prepare it?</strong><br>Nyama choma is a special form of grilled meat, preferably goat meat (mbuzi choma) but can also be beef or chicken (kuku choma). It is a more crunchy, customized form of barbeque meat.<br>The cooker used is made of iron frames where the meat rests as it is turns brown from the heat provided by the hot charcoal a few centimetres from it. You can see the fats The aim of keeping it a distance away from the fire is to make sure it does not get burnt.</p>



<figure class="wp-block-image size-large"><img decoding="async" width="1024" height="604" src="https://tzfoodplaces.github.io/fp/wp-content/uploads/2022/08/pexels-samer-daboul-2233729-2-1024x604.jpg" alt="" class="wp-image-5884" srcset="https://tzfoodplaces.github.io/fp/wp-content/uploads/2022/08/pexels-samer-daboul-2233729-2-1024x604.jpg 1024w, https://tzfoodplaces.github.io/fp/wp-content/uploads/2022/08/pexels-samer-daboul-2233729-2-300x177.jpg 300w, https://tzfoodplaces.github.io/fp/wp-content/uploads/2022/08/pexels-samer-daboul-2233729-2-768x453.jpg 768w, https://tzfoodplaces.github.io/fp/wp-content/uploads/2022/08/pexels-samer-daboul-2233729-2-1536x907.jpg 1536w, https://tzfoodplaces.github.io/fp/wp-content/uploads/2022/08/pexels-samer-daboul-2233729-2-2048x1209.jpg 2048w" sizes="(max-width: 1024px) 100vw, 1024px" /></figure>



<p><strong>Serving Nyama choma</strong><br>Nyama choma can just have salt as the main additive while some prefer squeezing a few lemons on the meat alongside a combined mixture of pepper, onions, and garlic. Nyama choma is normally eaten with either Ugali, another staple food made from maize flour stiff porridge or can be eaten together with Ndizi choma (roasted bananas). Ugali, commonly consumed with Nyama choma is prepared by cooking a porridge of maize flour until it becomes stiff.</p>



<p><strong>Where to find it.</strong><br>You can find it in many large restaurants, bars, pubs and roadside sellers all over the city. It is a favorite in social gatherings and recreational places where people drink beer while waiting for the delicious goat to be ready. The mean cooking time for Nyama choma is 90 minutes. The Ndizi choma is prepared by roasting bananas in a similar manner, except them take a shorter time to cook.</p>



<p><strong>Waiter…!</strong><br>Next time you are at that bar on a calm weekend evening and you want to order Nyama choma, this is how you do it. Nyama Choma is ordered in kilos. So, you can tell the waiter/ waitress the number of kilos you or your group think is enough. A typical family outing can consume a kilo or more. A kilo costs between 8000 to 9000 TZS.</p>



<figure class="wp-block-image size-large"><img decoding="async" width="1024" height="683" src="https://tzfoodplaces.github.io/fp/wp-content/uploads/2022/08/pexels-ximena-mora-5635340-1024x683.jpg" alt="" class="wp-image-5885" srcset="https://tzfoodplaces.github.io/fp/wp-content/uploads/2022/08/pexels-ximena-mora-5635340-1024x683.jpg 1024w, https://tzfoodplaces.github.io/fp/wp-content/uploads/2022/08/pexels-ximena-mora-5635340-300x200.jpg 300w, https://tzfoodplaces.github.io/fp/wp-content/uploads/2022/08/pexels-ximena-mora-5635340-768x512.jpg 768w, https://tzfoodplaces.github.io/fp/wp-content/uploads/2022/08/pexels-ximena-mora-5635340-1536x1024.jpg 1536w, https://tzfoodplaces.github.io/fp/wp-content/uploads/2022/08/pexels-ximena-mora-5635340-2048x1365.jpg 2048w" sizes="(max-width: 1024px) 100vw, 1024px" /></figure>



<p><strong>A visitor’s account</strong><br>Perez, a Spanish friend of mine arrived in Tanzania in the 1980’s. As a Spaniard who had lived in Kenya before coming to Dar where he normally used the terminology ‘Nyama choma’ faced a surprising welcome by most Nyama choma sellers in Tanzania who told him that he word is not correct in Swahili. Instead, they told him to say “Nyama ya Kuchoma”. It was this way in many places of the country, but it has changed over time. Now the name “Nyama choma” is the most widely used and preferred across the country.</p>



<p><strong>Future prospects</strong><br>Despite high rates of rural-urban migration, with time, the diversity in Dar es Salaam seems to be fading away slowly due to modernization, fewer visits to one’s home village and globalization. Like any other major city in the world, cultures tend to merge to create a new one. I hope the future children would get a similar experience of the diverse meals in the Tanzanian cuisine.</p>
]]></content:encoded>
					
					<wfw:commentRss>https://tzfoodplaces.github.io/fp/2022/08/13/the-undisputed-champion-of-the-tanzanian-cuisine-nyama-choma/feed/</wfw:commentRss>
			<slash:comments>2</slash:comments>
		
		
			</item>
	</channel>
</rss>
