<?xml version="1.0" encoding="UTF-8"?><rss version="2.0"
	xmlns:content="http://purl.org/rss/1.0/modules/content/"
	xmlns:dc="http://purl.org/dc/elements/1.1/"
	xmlns:atom="http://www.w3.org/2005/Atom"
	xmlns:sy="http://purl.org/rss/1.0/modules/syndication/"
	
	>
<channel>
	<title>
	Comments on: Cj&#8217;s Pizza City Mall	</title>
	<atom:link href="https://tzfoodplaces.github.io/fp/place/cjs-pizza-city-mall/feed/" rel="self" type="application/rss+xml" />
	<link>https://tzfoodplaces.github.io/fp/place/cjs-pizza-city-mall/</link>
	<description>For Food Lovers</description>
	<lastBuildDate>Thu, 28 Jul 2022 17:17:02 +0000</lastBuildDate>
	<sy:updatePeriod>
	hourly	</sy:updatePeriod>
	<sy:updateFrequency>
	1	</sy:updateFrequency>
	<generator>https://wordpress.org/?v=6.2</generator>
	<item>
		<title>
		By: cilud		</title>
		<link>https://tzfoodplaces.github.io/fp/place/cjs-pizza-city-mall/#comment-14</link>

		<dc:creator><![CDATA[cilud]]></dc:creator>
		<pubDate>Wed, 27 Jul 2022 14:47:09 +0000</pubDate>
		<guid isPermaLink="false">https://tzfoodplaces.github.io/fp/?post_type=place#038;p=5745#comment-14</guid>

					<description><![CDATA[Best Pizzas In Town!!<img src="https://s.w.org/images/core/emoji/14.0.0/72x72/1f60b.png" alt="😋" class="wp-smiley" style="height: 1em; max-height: 1em;" />]]></description>
			<content:encoded><![CDATA[<p>Best Pizzas In Town!!😋</p>
]]></content:encoded>
		
			</item>
	</channel>
</rss>
