<?xml version="1.0" encoding="UTF-8"?><rss version="2.0"
	xmlns:content="http://purl.org/rss/1.0/modules/content/"
	xmlns:dc="http://purl.org/dc/elements/1.1/"
	xmlns:atom="http://www.w3.org/2005/Atom"
	xmlns:sy="http://purl.org/rss/1.0/modules/syndication/"
	
	>
<channel>
	<title>
	Comments on: Danau Toba Restaurant	</title>
	<atom:link href="https://tzfoodplaces.github.io/fp/place/danau-toba-restaurant/feed/" rel="self" type="application/rss+xml" />
	<link>https://tzfoodplaces.github.io/fp/place/danau-toba-restaurant/</link>
	<description>For Food Lovers</description>
	<lastBuildDate>Thu, 28 Jul 2022 17:15:59 +0000</lastBuildDate>
	<sy:updatePeriod>
	hourly	</sy:updatePeriod>
	<sy:updateFrequency>
	1	</sy:updateFrequency>
	<generator>https://wordpress.org/?v=6.2</generator>
	<item>
		<title>
		By: cilud		</title>
		<link>https://tzfoodplaces.github.io/fp/place/danau-toba-restaurant/#comment-7</link>

		<dc:creator><![CDATA[cilud]]></dc:creator>
		<pubDate>Fri, 22 Jul 2022 14:48:53 +0000</pubDate>
		<guid isPermaLink="false">https://tzfoodplaces.github.io/fp/?post_type=place#038;p=5665#comment-7</guid>

					<description><![CDATA[Best Indonesian Cuisine Restaurant In Town.]]></description>
			<content:encoded><![CDATA[<p>Best Indonesian Cuisine Restaurant In Town.</p>
]]></content:encoded>
		
			</item>
	</channel>
</rss>
