<?xml version="1.0" encoding="UTF-8"?><rss version="2.0"
	xmlns:content="http://purl.org/rss/1.0/modules/content/"
	xmlns:wfw="http://wellformedweb.org/CommentAPI/"
	xmlns:dc="http://purl.org/dc/elements/1.1/"
	xmlns:atom="http://www.w3.org/2005/Atom"
	xmlns:sy="http://purl.org/rss/1.0/modules/syndication/"
	xmlns:slash="http://purl.org/rss/1.0/modules/slash/"
	>

<channel>
	<title>Masaki &#8211; TzFoodPlaces</title>
	<atom:link href="https://tzfoodplaces.github.io/fp/place-city/masaki/feed/" rel="self" type="application/rss+xml" />
	<link>https://tzfoodplaces.github.io/fp</link>
	<description>For Food Lovers</description>
	<lastBuildDate>Mon, 22 Aug 2022 18:06:51 +0000</lastBuildDate>
	<language>en-US</language>
	<sy:updatePeriod>
	hourly	</sy:updatePeriod>
	<sy:updateFrequency>
	1	</sy:updateFrequency>
	<generator>https://wordpress.org/?v=6.2</generator>

<image>
	<url>https://tzfoodplaces.github.io/fp/wp-content/uploads/2022/07/cropped-U2ntitled-4-32x32.png</url>
	<title>Masaki &#8211; TzFoodPlaces</title>
	<link>https://tzfoodplaces.github.io/fp</link>
	<width>32</width>
	<height>32</height>
</image> 
	<item>
		<title>Cafe Arabica</title>
		<link>https://tzfoodplaces.github.io/fp/place/cafe-arabica/</link>
					<comments>https://tzfoodplaces.github.io/fp/place/cafe-arabica/#comments</comments>
		
		<dc:creator><![CDATA[Didas]]></dc:creator>
		<pubDate>Mon, 22 Aug 2022 18:05:47 +0000</pubDate>
				<guid isPermaLink="false">https://tzfoodplaces.github.io/fp/?post_type=place#038;p=6009</guid>

					<description><![CDATA[Cafe Arabica Cafe &#8220;New Experience Everyday&#8221; Monday to Saturday 7:30am to 11pm Sunday &#38; Public Holidays 10am to 11pm]]></description>
										<content:encoded><![CDATA[<p><span class="_aacl _aacp _aacw _adda _aacx _aad7 _aade">Cafe Arabica</span></p>
<div class="_ab8w _ab94 _ab99 _ab9f _ab9m _ab9p _abcm">
<div class="_aacl _aacp _aacu _aacy _aad6 _aade">Cafe</div>
</div>
<div class="_aacl _aacp _aacu _aacx _aad6 _aade">&#8220;New Experience Everyday&#8221;<br />
Monday to Saturday 7:30am to 11pm<br />
Sunday &amp; Public Holidays 10am to 11pm</div>
]]></content:encoded>
					
					<wfw:commentRss>https://tzfoodplaces.github.io/fp/place/cafe-arabica/feed/</wfw:commentRss>
			<slash:comments>1</slash:comments>
		
		
			</item>
		<item>
		<title>The Shack Dar</title>
		<link>https://tzfoodplaces.github.io/fp/place/the-shack-dar/</link>
					<comments>https://tzfoodplaces.github.io/fp/place/the-shack-dar/#comments</comments>
		
		<dc:creator><![CDATA[Didas]]></dc:creator>
		<pubDate>Sat, 30 Jul 2022 10:55:19 +0000</pubDate>
				<guid isPermaLink="false">https://tzfoodplaces.github.io/fp/?post_type=place#038;p=5838</guid>

					<description><![CDATA[The Shack Dar Burger Restaurant Specialised in burgers. Besides the best burgers we also have a variety of wings, steaks and grilled chicken.]]></description>
										<content:encoded><![CDATA[<p><span class="_aacl _aacp _aacw _aacx _aad7 _aade">The Shack Dar</span></p>
<div class="_ab8w _ab94 _ab99 _ab9f _ab9m _ab9p _abcm">
<div class="_aacl _aacp _aacu _aacy _aad6 _aade">Burger Restaurant</div>
</div>
<div class="_aacl _aacp _aacu _aacx _aad6 _aade">Specialised in burgers. Besides the best burgers we also have a variety of wings, steaks and grilled chicken.</div>
]]></content:encoded>
					
					<wfw:commentRss>https://tzfoodplaces.github.io/fp/place/the-shack-dar/feed/</wfw:commentRss>
			<slash:comments>1</slash:comments>
		
		
			</item>
		<item>
		<title>Pappa Roti</title>
		<link>https://tzfoodplaces.github.io/fp/place/pappa-roti/</link>
					<comments>https://tzfoodplaces.github.io/fp/place/pappa-roti/#comments</comments>
		
		<dc:creator><![CDATA[Didas]]></dc:creator>
		<pubDate>Thu, 28 Jul 2022 16:20:35 +0000</pubDate>
				<guid isPermaLink="false">https://tzfoodplaces.github.io/fp/?post_type=place#038;p=5822</guid>

					<description><![CDATA[Restaurant PappaRoti is an international chain of coffee shops renowned for its signature bun One Bite,Many Expressions]]></description>
										<content:encoded><![CDATA[<div class="_ab8w _ab94 _ab99 _ab9f _ab9m _ab9p _abcm">
<div class="_aacl _aacp _aacu _aacy _aad6 _aade">Restaurant</div>
</div>
<div class="_aacl _aacp _aacu _aacx _aad6 _aade">PappaRoti is an international chain of coffee shops renowned for its signature bun<br />
One Bite,Many Expressions</div>
]]></content:encoded>
					
					<wfw:commentRss>https://tzfoodplaces.github.io/fp/place/pappa-roti/feed/</wfw:commentRss>
			<slash:comments>1</slash:comments>
		
		
			</item>
		<item>
		<title>Cj&#8217;s Pizza Masaki</title>
		<link>https://tzfoodplaces.github.io/fp/place/cjs-pizza-masaki/</link>
					<comments>https://tzfoodplaces.github.io/fp/place/cjs-pizza-masaki/#comments</comments>
		
		<dc:creator><![CDATA[Didas]]></dc:creator>
		<pubDate>Wed, 27 Jul 2022 13:54:14 +0000</pubDate>
				<guid isPermaLink="false">https://tzfoodplaces.github.io/fp/?post_type=place#038;p=5744</guid>

					<description><![CDATA[&#160; Product/service Haile Selasie road Masaki. Next to George and Dragon 0676400546 0757400546 Whatsapp or call cjspizza.net]]></description>
										<content:encoded><![CDATA[<p>&nbsp;</p>
<div class="_ab8w _ab94 _ab99 _ab9f _ab9m _ab9p _abcm">
<div class="_aacl _aacp _aacu _aacy _aad6 _aade">Product/service</div>
</div>
<div class="_aacl _aacp _aacu _aacx _aad6 _aade">Haile Selasie road Masaki. Next to George and Dragon<br />
0676400546<br />
0757400546<br />
Whatsapp or call</div>
<div class="_aacl _aacp _aacw _aacz _aada _aade">cjspizza.net</div>
]]></content:encoded>
					
					<wfw:commentRss>https://tzfoodplaces.github.io/fp/place/cjs-pizza-masaki/feed/</wfw:commentRss>
			<slash:comments>1</slash:comments>
		
		
			</item>
		<item>
		<title>Danau Toba Restaurant</title>
		<link>https://tzfoodplaces.github.io/fp/place/danau-toba-restaurant/</link>
					<comments>https://tzfoodplaces.github.io/fp/place/danau-toba-restaurant/#comments</comments>
		
		<dc:creator><![CDATA[Didas]]></dc:creator>
		<pubDate>Fri, 22 Jul 2022 14:37:37 +0000</pubDate>
				<guid isPermaLink="false">https://tzfoodplaces.github.io/fp/?post_type=place#038;p=5665</guid>

					<description><![CDATA[Danau Toba InDar Indonesian Restaurant 📍 FoodPark Masaki 👨‍🍳 Halal &#38; Authentic Indonesian Food in Dar 🍽 Available For Dine In, Delivery &#38; Catering]]></description>
										<content:encoded><![CDATA[<p><span class="_aacl _aacp _aacw _aacx _aad7 _aade">Danau Toba InDar</span></p>
<div class="_ab8w _ab94 _ab99 _ab9f _ab9m _ab9p _abcm">
<div class="_aacl _aacp _aacu _aacy _aad6 _aade">Indonesian Restaurant</div>
</div>
<div class="_aacl _aacp _aacu _aacx _aad6 _aade"><img src="https://s.w.org/images/core/emoji/14.0.0/72x72/1f4cd.png" alt="📍" class="wp-smiley" style="height: 1em; max-height: 1em;" /> FoodPark Masaki<br />
<img src="https://s.w.org/images/core/emoji/14.0.0/72x72/1f468-200d-1f373.png" alt="👨‍🍳" class="wp-smiley" style="height: 1em; max-height: 1em;" /> Halal &amp; Authentic Indonesian Food in Dar<br />
<img src="https://s.w.org/images/core/emoji/14.0.0/72x72/1f37d.png" alt="🍽" class="wp-smiley" style="height: 1em; max-height: 1em;" /> Available For Dine In, Delivery &amp; Catering</div>
]]></content:encoded>
					
					<wfw:commentRss>https://tzfoodplaces.github.io/fp/place/danau-toba-restaurant/feed/</wfw:commentRss>
			<slash:comments>1</slash:comments>
		
		
			</item>
		<item>
		<title>Wok Waka</title>
		<link>https://tzfoodplaces.github.io/fp/place/wok-waka/</link>
					<comments>https://tzfoodplaces.github.io/fp/place/wok-waka/#comments</comments>
		
		<dc:creator><![CDATA[Didas]]></dc:creator>
		<pubDate>Fri, 22 Jul 2022 14:28:47 +0000</pubDate>
				<guid isPermaLink="false">https://tzfoodplaces.github.io/fp/?post_type=place#038;p=5653</guid>

					<description><![CDATA[The First Wok Restaurant In Tanzania 🍜 Wok • Sushi • Thai Find Your #WakaWay 🥡🥢❤️]]></description>
										<content:encoded><![CDATA[<p>The First Wok Restaurant In Tanzania <img src="https://s.w.org/images/core/emoji/14.0.0/72x72/1f35c.png" alt="🍜" class="wp-smiley" style="height: 1em; max-height: 1em;" /><br />
Wok • Sushi • Thai<br />
Find Your #WakaWay <img src="https://s.w.org/images/core/emoji/14.0.0/72x72/1f961.png" alt="🥡" class="wp-smiley" style="height: 1em; max-height: 1em;" /><img src="https://s.w.org/images/core/emoji/14.0.0/72x72/1f962.png" alt="🥢" class="wp-smiley" style="height: 1em; max-height: 1em;" /><img src="https://s.w.org/images/core/emoji/14.0.0/72x72/2764.png" alt="❤" class="wp-smiley" style="height: 1em; max-height: 1em;" /></p>
]]></content:encoded>
					
					<wfw:commentRss>https://tzfoodplaces.github.io/fp/place/wok-waka/feed/</wfw:commentRss>
			<slash:comments>1</slash:comments>
		
		
			</item>
		<item>
		<title>Rashi&#8217;s Eatery</title>
		<link>https://tzfoodplaces.github.io/fp/place/rashis-eatery/</link>
					<comments>https://tzfoodplaces.github.io/fp/place/rashis-eatery/#comments</comments>
		
		<dc:creator><![CDATA[Didas]]></dc:creator>
		<pubDate>Fri, 22 Jul 2022 14:28:36 +0000</pubDate>
				<guid isPermaLink="false">https://tzfoodplaces.github.io/fp/?post_type=place#038;p=5654</guid>

					<description><![CDATA[Rashi&#8217;s Eatery 🇹🇿 📍Food Park,Masaki 🍽 Restaurant, Tiffin &#38; Catering 🍱 Dining, Delivery &#38; Takeaway ⏰ Tue &#8211; Sun : 11.00AM to 11.00PM 📞 0784630828]]></description>
										<content:encoded><![CDATA[<p>Rashi&#8217;s Eatery <img src="https://s.w.org/images/core/emoji/14.0.0/72x72/1f1f9-1f1ff.png" alt="🇹🇿" class="wp-smiley" style="height: 1em; max-height: 1em;" /><br />
<img src="https://s.w.org/images/core/emoji/14.0.0/72x72/1f4cd.png" alt="📍" class="wp-smiley" style="height: 1em; max-height: 1em;" />Food Park,Masaki<br />
<img src="https://s.w.org/images/core/emoji/14.0.0/72x72/1f37d.png" alt="🍽" class="wp-smiley" style="height: 1em; max-height: 1em;" /> Restaurant, Tiffin &amp; Catering<br />
<img src="https://s.w.org/images/core/emoji/14.0.0/72x72/1f371.png" alt="🍱" class="wp-smiley" style="height: 1em; max-height: 1em;" /> Dining, Delivery &amp; Takeaway<br />
<img src="https://s.w.org/images/core/emoji/14.0.0/72x72/23f0.png" alt="⏰" class="wp-smiley" style="height: 1em; max-height: 1em;" /> Tue &#8211; Sun : 11.00AM to 11.00PM<br />
<img src="https://s.w.org/images/core/emoji/14.0.0/72x72/1f4de.png" alt="📞" class="wp-smiley" style="height: 1em; max-height: 1em;" /> 0784630828</p>
]]></content:encoded>
					
					<wfw:commentRss>https://tzfoodplaces.github.io/fp/place/rashis-eatery/feed/</wfw:commentRss>
			<slash:comments>2</slash:comments>
		
		
			</item>
		<item>
		<title>Patio</title>
		<link>https://tzfoodplaces.github.io/fp/place/patio/</link>
					<comments>https://tzfoodplaces.github.io/fp/place/patio/#comments</comments>
		
		<dc:creator><![CDATA[Didas]]></dc:creator>
		<pubDate>Fri, 22 Jul 2022 14:28:30 +0000</pubDate>
				<guid isPermaLink="false">https://tzfoodplaces.github.io/fp/?post_type=place#038;p=5655</guid>

					<description><![CDATA[]]></description>
										<content:encoded><![CDATA[]]></content:encoded>
					
					<wfw:commentRss>https://tzfoodplaces.github.io/fp/place/patio/feed/</wfw:commentRss>
			<slash:comments>1</slash:comments>
		
		
			</item>
		<item>
		<title>Fiesta Mexicana</title>
		<link>https://tzfoodplaces.github.io/fp/place/fiesta-mexicana/</link>
					<comments>https://tzfoodplaces.github.io/fp/place/fiesta-mexicana/#comments</comments>
		
		<dc:creator><![CDATA[Didas]]></dc:creator>
		<pubDate>Fri, 22 Jul 2022 14:26:42 +0000</pubDate>
				<guid isPermaLink="false">https://tzfoodplaces.github.io/fp/?post_type=place#038;p=5652</guid>

					<description><![CDATA[Fiesta Mexicana Not fast food… It’s fresh food fast!!!]]></description>
										<content:encoded><![CDATA[<p><span class="_aacl _aacp _aacw _aacx _aad7 _aade">Fiesta Mexicana</span></p>
<div class="_aacl _aacp _aacu _aacx _aad6 _aade">Not fast food… It’s fresh food fast!!!</div>
]]></content:encoded>
					
					<wfw:commentRss>https://tzfoodplaces.github.io/fp/place/fiesta-mexicana/feed/</wfw:commentRss>
			<slash:comments>1</slash:comments>
		
		
			</item>
	</channel>
</rss>
