<?xml version="1.0" encoding="UTF-8"?><rss version="2.0"
	xmlns:content="http://purl.org/rss/1.0/modules/content/"
	xmlns:dc="http://purl.org/dc/elements/1.1/"
	xmlns:atom="http://www.w3.org/2005/Atom"
	xmlns:sy="http://purl.org/rss/1.0/modules/syndication/"
	
	>
<channel>
	<title>
	Comments on: The Pilau Cuisine Tanzanian&#8217;s Favourite Dish	</title>
	<atom:link href="https://tzfoodplaces.github.io/fp/2022/08/25/the-pilau-cuisine-tanzanians-favourite-dish/feed/" rel="self" type="application/rss+xml" />
	<link>https://tzfoodplaces.github.io/fp/2022/08/25/the-pilau-cuisine-tanzanians-favourite-dish/</link>
	<description>For Food Lovers</description>
	<lastBuildDate>Sun, 07 May 2023 20:09:37 +0000</lastBuildDate>
	<sy:updatePeriod>
	hourly	</sy:updatePeriod>
	<sy:updateFrequency>
	1	</sy:updateFrequency>
	<generator>https://wordpress.org/?v=6.2</generator>
	<item>
		<title>
		By: Mark		</title>
		<link>https://tzfoodplaces.github.io/fp/2022/08/25/the-pilau-cuisine-tanzanians-favourite-dish/#comment-25</link>

		<dc:creator><![CDATA[Mark]]></dc:creator>
		<pubDate>Wed, 14 Sep 2022 16:42:48 +0000</pubDate>
		<guid isPermaLink="false">https://tzfoodplaces.github.io/fp/?p=6034#comment-25</guid>

					<description><![CDATA[Thanks for your blog, nice to read. Do not stop.]]></description>
			<content:encoded><![CDATA[<p>Thanks for your blog, nice to read. Do not stop.</p>
]]></content:encoded>
		
			</item>
		<item>
		<title>
		By: Oscar Msacky		</title>
		<link>https://tzfoodplaces.github.io/fp/2022/08/25/the-pilau-cuisine-tanzanians-favourite-dish/#comment-24</link>

		<dc:creator><![CDATA[Oscar Msacky]]></dc:creator>
		<pubDate>Fri, 26 Aug 2022 09:20:29 +0000</pubDate>
		<guid isPermaLink="false">https://tzfoodplaces.github.io/fp/?p=6034#comment-24</guid>

					<description><![CDATA[It&#039;s really tremendous <img src="https://s.w.org/images/core/emoji/14.0.0/72x72/1f44f.png" alt="👏" class="wp-smiley" style="height: 1em; max-height: 1em;" /> <img src="https://s.w.org/images/core/emoji/14.0.0/72x72/1f44c.png" alt="👌" class="wp-smiley" style="height: 1em; max-height: 1em;" />]]></description>
			<content:encoded><![CDATA[<p>It&#8217;s really tremendous 👏 👌</p>
]]></content:encoded>
		
			</item>
	</channel>
</rss>
