<?xml version="1.0" encoding="UTF-8"?><rss version="2.0"
	xmlns:content="http://purl.org/rss/1.0/modules/content/"
	xmlns:wfw="http://wellformedweb.org/CommentAPI/"
	xmlns:dc="http://purl.org/dc/elements/1.1/"
	xmlns:atom="http://www.w3.org/2005/Atom"
	xmlns:sy="http://purl.org/rss/1.0/modules/syndication/"
	xmlns:slash="http://purl.org/rss/1.0/modules/slash/"
	>

<channel>
	<title>Msimbazi &#8211; TzFoodPlaces</title>
	<atom:link href="https://tzfoodplaces.github.io/fp/place-city/msimbazi/feed/" rel="self" type="application/rss+xml" />
	<link>https://tzfoodplaces.github.io/fp</link>
	<description>For Food Lovers</description>
	<lastBuildDate>Fri, 29 Jul 2022 11:51:31 +0000</lastBuildDate>
	<language>en-US</language>
	<sy:updatePeriod>
	hourly	</sy:updatePeriod>
	<sy:updateFrequency>
	1	</sy:updateFrequency>
	<generator>https://wordpress.org/?v=6.2</generator>

<image>
	<url>https://tzfoodplaces.github.io/fp/wp-content/uploads/2022/07/cropped-U2ntitled-4-32x32.png</url>
	<title>Msimbazi &#8211; TzFoodPlaces</title>
	<link>https://tzfoodplaces.github.io/fp</link>
	<width>32</width>
	<height>32</height>
</image> 
	<item>
		<title>Pappa Roti</title>
		<link>https://tzfoodplaces.github.io/fp/place/pappa-roti-2/</link>
					<comments>https://tzfoodplaces.github.io/fp/place/pappa-roti-2/#comments</comments>
		
		<dc:creator><![CDATA[Didas]]></dc:creator>
		<pubDate>Thu, 28 Jul 2022 16:26:51 +0000</pubDate>
				<guid isPermaLink="false">https://tzfoodplaces.github.io/fp/?post_type=place#038;p=5824</guid>

					<description><![CDATA[Restaurant PappaRoti is an international chain of coffee shops renowned for its signature bun One Bite,Many Expressions]]></description>
										<content:encoded><![CDATA[<div class="_ab8w _ab94 _ab99 _ab9f _ab9m _ab9p _abcm">
<div class="_aacl _aacp _aacu _aacy _aad6 _aade">Restaurant</div>
</div>
<div class="_aacl _aacp _aacu _aacx _aad6 _aade">PappaRoti is an international chain of coffee shops renowned for its signature bun<br />
One Bite,Many Expressions</div>
]]></content:encoded>
					
					<wfw:commentRss>https://tzfoodplaces.github.io/fp/place/pappa-roti-2/feed/</wfw:commentRss>
			<slash:comments>1</slash:comments>
		
		
			</item>
	</channel>
</rss>
