<?xml version="1.0" encoding="UTF-8"?><rss version="2.0"
	xmlns:content="http://purl.org/rss/1.0/modules/content/"
	xmlns:dc="http://purl.org/dc/elements/1.1/"
	xmlns:atom="http://www.w3.org/2005/Atom"
	xmlns:sy="http://purl.org/rss/1.0/modules/syndication/"
	
	>
<channel>
	<title>
	Comments on: Cafe Arabica	</title>
	<atom:link href="https://tzfoodplaces.github.io/fp/place/cafe-arabica/feed/" rel="self" type="application/rss+xml" />
	<link>https://tzfoodplaces.github.io/fp/place/cafe-arabica/</link>
	<description>For Food Lovers</description>
	<lastBuildDate>Mon, 22 Aug 2022 18:06:51 +0000</lastBuildDate>
	<sy:updatePeriod>
	hourly	</sy:updatePeriod>
	<sy:updateFrequency>
	1	</sy:updateFrequency>
	<generator>https://wordpress.org/?v=6.2</generator>
	<item>
		<title>
		By: cilud		</title>
		<link>https://tzfoodplaces.github.io/fp/place/cafe-arabica/#comment-21</link>

		<dc:creator><![CDATA[cilud]]></dc:creator>
		<pubDate>Mon, 22 Aug 2022 18:06:35 +0000</pubDate>
		<guid isPermaLink="false">https://tzfoodplaces.github.io/fp/?post_type=place#038;p=6009#comment-21</guid>

					<description><![CDATA[Best Services!!]]></description>
			<content:encoded><![CDATA[<p>Best Services!!</p>
]]></content:encoded>
		
			</item>
	</channel>
</rss>
