<?xml version="1.0" encoding="UTF-8"?><rss version="2.0"
	xmlns:content="http://purl.org/rss/1.0/modules/content/"
	xmlns:dc="http://purl.org/dc/elements/1.1/"
	xmlns:atom="http://www.w3.org/2005/Atom"
	xmlns:sy="http://purl.org/rss/1.0/modules/syndication/"
	
	>
<channel>
	<title>
	Comments on: Rashi&#8217;s Eatery	</title>
	<atom:link href="https://tzfoodplaces.github.io/fp/place/rashis-eatery/feed/" rel="self" type="application/rss+xml" />
	<link>https://tzfoodplaces.github.io/fp/place/rashis-eatery/</link>
	<description>For Food Lovers</description>
	<lastBuildDate>Thu, 28 Jul 2022 17:15:39 +0000</lastBuildDate>
	<sy:updatePeriod>
	hourly	</sy:updatePeriod>
	<sy:updateFrequency>
	1	</sy:updateFrequency>
	<generator>https://wordpress.org/?v=6.2</generator>
	<item>
		<title>
		By: cilud		</title>
		<link>https://tzfoodplaces.github.io/fp/place/rashis-eatery/#comment-9</link>

		<dc:creator><![CDATA[cilud]]></dc:creator>
		<pubDate>Fri, 22 Jul 2022 14:49:26 +0000</pubDate>
		<guid isPermaLink="false">https://tzfoodplaces.github.io/fp/?post_type=place#038;p=5654#comment-9</guid>

					<description><![CDATA[Best Services, Great Food :)]]></description>
			<content:encoded><![CDATA[<p>Best Services, Great Food 🙂</p>
]]></content:encoded>
		
			</item>
		<item>
		<title>
		By: cilud		</title>
		<link>https://tzfoodplaces.github.io/fp/place/rashis-eatery/#comment-8</link>

		<dc:creator><![CDATA[cilud]]></dc:creator>
		<pubDate>Fri, 22 Jul 2022 14:49:14 +0000</pubDate>
		<guid isPermaLink="false">https://tzfoodplaces.github.io/fp/?post_type=place#038;p=5654#comment-8</guid>

					<description><![CDATA[Best Services, Great Food :)]]></description>
			<content:encoded><![CDATA[<p>Best Services, Great Food 🙂</p>
]]></content:encoded>
		
			</item>
	</channel>
</rss>
