<?xml version="1.0" encoding="UTF-8"?><rss version="2.0"
	xmlns:content="http://purl.org/rss/1.0/modules/content/"
	xmlns:dc="http://purl.org/dc/elements/1.1/"
	xmlns:atom="http://www.w3.org/2005/Atom"
	xmlns:sy="http://purl.org/rss/1.0/modules/syndication/"
	
	>
<channel>
	<title>
	Comments on: What Is tzfoodplaces?	</title>
	<atom:link href="https://tzfoodplaces.github.io/fp/2022/08/15/what-is-tzfoodplaces/feed/" rel="self" type="application/rss+xml" />
	<link>https://tzfoodplaces.github.io/fp/2022/08/15/what-is-tzfoodplaces/</link>
	<description>For Food Lovers</description>
	<lastBuildDate>Sun, 07 May 2023 20:11:28 +0000</lastBuildDate>
	<sy:updatePeriod>
	hourly	</sy:updatePeriod>
	<sy:updateFrequency>
	1	</sy:updateFrequency>
	<generator>https://wordpress.org/?v=6.2</generator>
	<item>
		<title>
		By: elias sospeter		</title>
		<link>https://tzfoodplaces.github.io/fp/2022/08/15/what-is-tzfoodplaces/#comment-20</link>

		<dc:creator><![CDATA[elias sospeter]]></dc:creator>
		<pubDate>Mon, 15 Aug 2022 19:49:31 +0000</pubDate>
		<guid isPermaLink="false">https://tzfoodplaces.github.io/fp/?p=5894#comment-20</guid>

					<description><![CDATA[Great and helpful article]]></description>
			<content:encoded><![CDATA[<p>Great and helpful article</p>
]]></content:encoded>
		
			</item>
	</channel>
</rss>
