<?xml version="1.0" encoding="UTF-8"?><rss version="2.0"
	xmlns:content="http://purl.org/rss/1.0/modules/content/"
	xmlns:dc="http://purl.org/dc/elements/1.1/"
	xmlns:atom="http://www.w3.org/2005/Atom"
	xmlns:sy="http://purl.org/rss/1.0/modules/syndication/"
	
	>
<channel>
	<title>
	Comments for TzFoodPlaces	</title>
	<atom:link href="https://tzfoodplaces.github.io/fp/comments/feed/" rel="self" type="application/rss+xml" />
	<link>https://tzfoodplaces.github.io/fp</link>
	<description>For Food Lovers</description>
	<lastBuildDate>Sun, 07 May 2023 20:11:28 +0000</lastBuildDate>
	<sy:updatePeriod>
	hourly	</sy:updatePeriod>
	<sy:updateFrequency>
	1	</sy:updateFrequency>
	<generator>https://wordpress.org/?v=6.2</generator>
	<item>
		<title>
		Comment on The Undisputed champion of the Tanzanian Cuisine: Nyama choma by Mark		</title>
		<link>https://tzfoodplaces.github.io/fp/2022/08/13/the-undisputed-champion-of-the-tanzanian-cuisine-nyama-choma/#comment-26</link>

		<dc:creator><![CDATA[Mark]]></dc:creator>
		<pubDate>Thu, 15 Sep 2022 04:11:39 +0000</pubDate>
		<guid isPermaLink="false">https://tzfoodplaces.github.io/fp/?p=5877#comment-26</guid>

					<description><![CDATA[Thanks for your blog, nice to read. Do not stop.]]></description>
			<content:encoded><![CDATA[<p>Thanks for your blog, nice to read. Do not stop.</p>
]]></content:encoded>
		
			</item>
		<item>
		<title>
		Comment on The Pilau Cuisine Tanzanian&#8217;s Favourite Dish by Mark		</title>
		<link>https://tzfoodplaces.github.io/fp/2022/08/25/the-pilau-cuisine-tanzanians-favourite-dish/#comment-25</link>

		<dc:creator><![CDATA[Mark]]></dc:creator>
		<pubDate>Wed, 14 Sep 2022 16:42:48 +0000</pubDate>
		<guid isPermaLink="false">https://tzfoodplaces.github.io/fp/?p=6034#comment-25</guid>

					<description><![CDATA[Thanks for your blog, nice to read. Do not stop.]]></description>
			<content:encoded><![CDATA[<p>Thanks for your blog, nice to read. Do not stop.</p>
]]></content:encoded>
		
			</item>
		<item>
		<title>
		Comment on The Pilau Cuisine Tanzanian&#8217;s Favourite Dish by Oscar Msacky		</title>
		<link>https://tzfoodplaces.github.io/fp/2022/08/25/the-pilau-cuisine-tanzanians-favourite-dish/#comment-24</link>

		<dc:creator><![CDATA[Oscar Msacky]]></dc:creator>
		<pubDate>Fri, 26 Aug 2022 09:20:29 +0000</pubDate>
		<guid isPermaLink="false">https://tzfoodplaces.github.io/fp/?p=6034#comment-24</guid>

					<description><![CDATA[It&#039;s really tremendous <img src="https://s.w.org/images/core/emoji/14.0.0/72x72/1f44f.png" alt="👏" class="wp-smiley" style="height: 1em; max-height: 1em;" /> <img src="https://s.w.org/images/core/emoji/14.0.0/72x72/1f44c.png" alt="👌" class="wp-smiley" style="height: 1em; max-height: 1em;" />]]></description>
			<content:encoded><![CDATA[<p>It&#8217;s really tremendous 👏 👌</p>
]]></content:encoded>
		
			</item>
		<item>
		<title>
		Comment on Brake Point by cilud		</title>
		<link>https://tzfoodplaces.github.io/fp/place/brake-point-2/#comment-23</link>

		<dc:creator><![CDATA[cilud]]></dc:creator>
		<pubDate>Mon, 22 Aug 2022 18:35:20 +0000</pubDate>
		<guid isPermaLink="false">https://tzfoodplaces.github.io/fp/?post_type=place#038;p=6029#comment-23</guid>

					<description><![CDATA[A home of delicious traditional food...!!!!]]></description>
			<content:encoded><![CDATA[<p>A home of delicious traditional food&#8230;!!!!</p>
]]></content:encoded>
		
			</item>
		<item>
		<title>
		Comment on Brake Point by cilud		</title>
		<link>https://tzfoodplaces.github.io/fp/place/brake-point/#comment-22</link>

		<dc:creator><![CDATA[cilud]]></dc:creator>
		<pubDate>Mon, 22 Aug 2022 18:28:23 +0000</pubDate>
		<guid isPermaLink="false">https://tzfoodplaces.github.io/fp/?post_type=place#038;p=6022#comment-22</guid>

					<description><![CDATA[A home of delicious traditional food..!!]]></description>
			<content:encoded><![CDATA[<p>A home of delicious traditional food..!!</p>
]]></content:encoded>
		
			</item>
		<item>
		<title>
		Comment on Cafe Arabica by cilud		</title>
		<link>https://tzfoodplaces.github.io/fp/place/cafe-arabica/#comment-21</link>

		<dc:creator><![CDATA[cilud]]></dc:creator>
		<pubDate>Mon, 22 Aug 2022 18:06:35 +0000</pubDate>
		<guid isPermaLink="false">https://tzfoodplaces.github.io/fp/?post_type=place#038;p=6009#comment-21</guid>

					<description><![CDATA[Best Services!!]]></description>
			<content:encoded><![CDATA[<p>Best Services!!</p>
]]></content:encoded>
		
			</item>
		<item>
		<title>
		Comment on What Is tzfoodplaces? by elias sospeter		</title>
		<link>https://tzfoodplaces.github.io/fp/2022/08/15/what-is-tzfoodplaces/#comment-20</link>

		<dc:creator><![CDATA[elias sospeter]]></dc:creator>
		<pubDate>Mon, 15 Aug 2022 19:49:31 +0000</pubDate>
		<guid isPermaLink="false">https://tzfoodplaces.github.io/fp/?p=5894#comment-20</guid>

					<description><![CDATA[Great and helpful article]]></description>
			<content:encoded><![CDATA[<p>Great and helpful article</p>
]]></content:encoded>
		
			</item>
		<item>
		<title>
		Comment on The Undisputed champion of the Tanzanian Cuisine: Nyama choma by Aegon		</title>
		<link>https://tzfoodplaces.github.io/fp/2022/08/13/the-undisputed-champion-of-the-tanzanian-cuisine-nyama-choma/#comment-19</link>

		<dc:creator><![CDATA[Aegon]]></dc:creator>
		<pubDate>Sat, 13 Aug 2022 15:00:05 +0000</pubDate>
		<guid isPermaLink="false">https://tzfoodplaces.github.io/fp/?p=5877#comment-19</guid>

					<description><![CDATA[Nyama Choma...always my favorite]]></description>
			<content:encoded><![CDATA[<p>Nyama Choma&#8230;always my favorite</p>
]]></content:encoded>
		
			</item>
		<item>
		<title>
		Comment on The Shack Dar by cilud		</title>
		<link>https://tzfoodplaces.github.io/fp/place/the-shack-dar/#comment-18</link>

		<dc:creator><![CDATA[cilud]]></dc:creator>
		<pubDate>Sat, 30 Jul 2022 10:57:11 +0000</pubDate>
		<guid isPermaLink="false">https://tzfoodplaces.github.io/fp/?post_type=place#038;p=5838#comment-18</guid>

					<description><![CDATA[Good Services!!]]></description>
			<content:encoded><![CDATA[<p>Good Services!!</p>
]]></content:encoded>
		
			</item>
		<item>
		<title>
		Comment on Pappa Roti by cilud		</title>
		<link>https://tzfoodplaces.github.io/fp/place/5808/#comment-17</link>

		<dc:creator><![CDATA[cilud]]></dc:creator>
		<pubDate>Thu, 28 Jul 2022 16:32:52 +0000</pubDate>
		<guid isPermaLink="false">https://tzfoodplaces.github.io/fp/?post_type=place#038;p=5808#comment-17</guid>

					<description><![CDATA[&quot;The Father of All Buns&quot;]]></description>
			<content:encoded><![CDATA[<p>&#8220;The Father of All Buns&#8221;</p>
]]></content:encoded>
		
			</item>
	</channel>
</rss>
