<?xml version="1.0" encoding="UTF-8"?><rss version="2.0"
	xmlns:content="http://purl.org/rss/1.0/modules/content/"
	xmlns:wfw="http://wellformedweb.org/CommentAPI/"
	xmlns:dc="http://purl.org/dc/elements/1.1/"
	xmlns:atom="http://www.w3.org/2005/Atom"
	xmlns:sy="http://purl.org/rss/1.0/modules/syndication/"
	xmlns:slash="http://purl.org/rss/1.0/modules/slash/"
	>

<channel>
	<title>Didas &#8211; TzFoodPlaces</title>
	<atom:link href="https://tzfoodplaces.github.io/fp/author/cilud/feed/" rel="self" type="application/rss+xml" />
	<link>https://tzfoodplaces.github.io/fp</link>
	<description>For Food Lovers</description>
	<lastBuildDate>Sun, 07 May 2023 20:11:28 +0000</lastBuildDate>
	<language>en-US</language>
	<sy:updatePeriod>
	hourly	</sy:updatePeriod>
	<sy:updateFrequency>
	1	</sy:updateFrequency>
	<generator>https://wordpress.org/?v=6.2</generator>

<image>
	<url>https://tzfoodplaces.github.io/fp/wp-content/uploads/2022/07/cropped-U2ntitled-4-32x32.png</url>
	<title>Didas &#8211; TzFoodPlaces</title>
	<link>https://tzfoodplaces.github.io/fp</link>
	<width>32</width>
	<height>32</height>
</image> 
</channel>
</rss>
