<?xml version="1.0" encoding="UTF-8"?><rss version="2.0"
	xmlns:content="http://purl.org/rss/1.0/modules/content/"
	xmlns:dc="http://purl.org/dc/elements/1.1/"
	xmlns:atom="http://www.w3.org/2005/Atom"
	xmlns:sy="http://purl.org/rss/1.0/modules/syndication/"
	
	>
<channel>
	<title>
	Comments on: Brake Point	</title>
	<atom:link href="https://tzfoodplaces.github.io/fp/place/brake-point/feed/" rel="self" type="application/rss+xml" />
	<link>https://tzfoodplaces.github.io/fp/place/brake-point/</link>
	<description>For Food Lovers</description>
	<lastBuildDate>Mon, 22 Aug 2022 18:28:46 +0000</lastBuildDate>
	<sy:updatePeriod>
	hourly	</sy:updatePeriod>
	<sy:updateFrequency>
	1	</sy:updateFrequency>
	<generator>https://wordpress.org/?v=6.2</generator>
	<item>
		<title>
		By: cilud		</title>
		<link>https://tzfoodplaces.github.io/fp/place/brake-point/#comment-22</link>

		<dc:creator><![CDATA[cilud]]></dc:creator>
		<pubDate>Mon, 22 Aug 2022 18:28:23 +0000</pubDate>
		<guid isPermaLink="false">https://tzfoodplaces.github.io/fp/?post_type=place#038;p=6022#comment-22</guid>

					<description><![CDATA[A home of delicious traditional food..!!]]></description>
			<content:encoded><![CDATA[<p>A home of delicious traditional food..!!</p>
]]></content:encoded>
		
			</item>
	</channel>
</rss>
