<?xml version="1.0" encoding="UTF-8"?><rss version="2.0"
	xmlns:content="http://purl.org/rss/1.0/modules/content/"
	xmlns:dc="http://purl.org/dc/elements/1.1/"
	xmlns:atom="http://www.w3.org/2005/Atom"
	xmlns:sy="http://purl.org/rss/1.0/modules/syndication/"
	
	>
<channel>
	<title>
	Comments on: The Undisputed champion of the Tanzanian Cuisine: Nyama choma	</title>
	<atom:link href="https://tzfoodplaces.github.io/fp/2022/08/13/the-undisputed-champion-of-the-tanzanian-cuisine-nyama-choma/feed/" rel="self" type="application/rss+xml" />
	<link>https://tzfoodplaces.github.io/fp/2022/08/13/the-undisputed-champion-of-the-tanzanian-cuisine-nyama-choma/</link>
	<description>For Food Lovers</description>
	<lastBuildDate>Sun, 07 May 2023 20:08:41 +0000</lastBuildDate>
	<sy:updatePeriod>
	hourly	</sy:updatePeriod>
	<sy:updateFrequency>
	1	</sy:updateFrequency>
	<generator>https://wordpress.org/?v=6.2</generator>
	<item>
		<title>
		By: Mark		</title>
		<link>https://tzfoodplaces.github.io/fp/2022/08/13/the-undisputed-champion-of-the-tanzanian-cuisine-nyama-choma/#comment-26</link>

		<dc:creator><![CDATA[Mark]]></dc:creator>
		<pubDate>Thu, 15 Sep 2022 04:11:39 +0000</pubDate>
		<guid isPermaLink="false">https://tzfoodplaces.github.io/fp/?p=5877#comment-26</guid>

					<description><![CDATA[Thanks for your blog, nice to read. Do not stop.]]></description>
			<content:encoded><![CDATA[<p>Thanks for your blog, nice to read. Do not stop.</p>
]]></content:encoded>
		
			</item>
		<item>
		<title>
		By: Aegon		</title>
		<link>https://tzfoodplaces.github.io/fp/2022/08/13/the-undisputed-champion-of-the-tanzanian-cuisine-nyama-choma/#comment-19</link>

		<dc:creator><![CDATA[Aegon]]></dc:creator>
		<pubDate>Sat, 13 Aug 2022 15:00:05 +0000</pubDate>
		<guid isPermaLink="false">https://tzfoodplaces.github.io/fp/?p=5877#comment-19</guid>

					<description><![CDATA[Nyama Choma...always my favorite]]></description>
			<content:encoded><![CDATA[<p>Nyama Choma&#8230;always my favorite</p>
]]></content:encoded>
		
			</item>
	</channel>
</rss>
