<?xml version="1.0" encoding="UTF-8"?><rss version="2.0"
	xmlns:content="http://purl.org/rss/1.0/modules/content/"
	xmlns:dc="http://purl.org/dc/elements/1.1/"
	xmlns:atom="http://www.w3.org/2005/Atom"
	xmlns:sy="http://purl.org/rss/1.0/modules/syndication/"
	
	>
<channel>
	<title>
	Comments on: Privacy Policy	</title>
	<atom:link href="https://tzfoodplaces.github.io/fp/privacy-policy-2/feed/" rel="self" type="application/rss+xml" />
	<link>https://tzfoodplaces.github.io/fp</link>
	<description>For Food Lovers</description>
	<lastBuildDate>Sun, 07 May 2023 20:04:59 +0000</lastBuildDate>
	<sy:updatePeriod>
	hourly	</sy:updatePeriod>
	<sy:updateFrequency>
	1	</sy:updateFrequency>
	<generator>https://wordpress.org/?v=6.2</generator>
</channel>
</rss>
